X,Y,SLR,TR,Slope,Elevation,HTF_predicted
-79.91484429,32.77175324,5.448513204081633,1.75251,0.4493327,-7,0.37656330839626584
-79.908937,32.751634,5.448513204081633,1.74092,1.1947097,7,0.3872433563999021
-79.85867607,32.74493122,5.44377914739229,1.69855,0.5685276,-18,0.38169729212959913
-79.813984,32.774819,5.44377914739229,1.67741,0.2496921,-3,0.3680892126386902
-79.719879,32.825796,5.607430863945578,1.63732,0.4514622,5,0.4450536479597917
-79.657848,32.874845,5.665441657596372,1.61513,0.1332098,-3,0.44229148651382244
-79.579989,32.933452,5.679173074829932,1.60911,0.2019034,-4,0.4406260998471558
-79.501976,33.017272,5.680997213151927,1.60146,0.0309707,0,0.4529315661893701
-79.404422,33.019617,5.68679212244898,1.5382,0.0437992,-2,0.4718697529320539
-79.328159,33.090406,5.666515464852608,1.50472,0.0656987,-1,0.47867658403265995
-79.235881,33.138288,5.659924126984127,1.49071,0.0619414,-2,0.4739361868896297
-79.17978,33.233612,5.636114603174603,1.55728,0.3624978,-1,0.46279556846888265
-79.161453,33.310928,5.577578151927437,1.59096,0.048969,-1,0.447861489152333
-79.128167,33.416597,5.585514659863946,1.66515,0.1548531,-4,0.38091416501964276
-79.045657,33.516804,4.930597748299319,1.56276,0.0218996,-3,0.4517327767112056
-78.991354,33.583487,4.871286120181406,1.63825,0.2637041,-2,0.4270200084383374
-78.915706,33.659118,4.914724732426304,1.70533,0.159431,-7,0.36955599064786143
-78.9125558,33.65217268,4.914724732426304,1.707,0.0309707,-5,0.37422570265406296
-78.837493,33.724895,5.49146214739229,1.68595,0.2448433,-5,0.36516397835297587
-78.749437,33.781082,5.579008192743764,1.67725,0.1532967,-3,0.3758263250196428
-78.662667,33.820516,5.579008192743764,1.66917,0.0979378,-5,0.38077681035917765
-78.552497,33.848328,5.552976446712018,1.65588,0.4509308,-1,0.42638439758942137
-78.470358,33.877394,5.565316596371882,1.6549,0.2855333,-4,0.415912947495833
-78.364542,33.902748,4.668754891156462,1.6292,0.0309707,-2,0.43963030711120554
-78.256984,33.914,4.621756265306122,1.637,0.2167938,1,0.42644349207470095
-78.144859,33.912584,4.757720201814059,1.6132,0.3729312,2,0.4372680358080341
-78.009564,33.865287,5.018566396825396,1.56698,0.3233401,-8,0.4478087311050038
-77.959065,33.861555,5.018566396825396,1.39439,0.1871095,0,0.4897990963179911
-77.924659,33.954881,4.757720201814059,1.39625,0.0309707,0,0.49161857999085923
-77.887726,34.043335,4.866402267573696,1.41559,0.2770081,3,0.4828384146513242
-77.839917,34.143997,5.463488083900227,1.38438,0.048969,-1,0.4989107050908612
-77.78177696,34.20907179,5.477992736961451,1.33729,0.3135512,-4,0.4944691130343611
-77.766246,34.24322,5.016401895691609,1.36794,0.2189948,-3,0.48547071744353226
-77.69352,34.315646,4.984655863945577,1.3922,0.048969,-4,0.4851230811164004
-77.603881,34.383759,4.992970299319728,1.402,0.3042359,4,0.4836432946513242
-77.517303,34.440876,4.9328959637188206,1.41565,0.0619414,-1,0.4799049266575258
-77.433282,34.48572,5.084172501133788,1.40016,0.1385049,-2,0.49023739669150407
-77.344865,34.525359,5.084172501133788,1.37963,0.0218996,1,0.49939049709597394
-77.322884,38.46543,5.057319224489795,0.70814,0.851772,8,0.5022786471024926
-77.310786,38.398187,5.057319224489795,0.65351,0.5583144,-2,0.5056647350988177
-77.267262,34.571554,4.824586068027211,1.36835,0.0619414,0,0.4893028314194307
-77.267081,38.499047,5.057319224489795,0.75047,1.4206527,9,0.5021592913449169
-77.25137,38.33168,5.057319224489795,0.59092,2.2815034,13,0.49737147917844293
-77.159985,34.625984,5.133451505668934,1.3559,0.0979378,1,0.49813279726930726
-77.142964,38.363863,5.220053913832199,0.48096,0.9405786,6,0.4955689784860038
-77.123325,38.410646,5.220053913832199,0.47969,0.4955187,-2,0.4933601745793373
-77.101084,34.674577,5.410170716553289,0.7784,1.1623765,11,0.5094486319736666
-77.05562,38.397103,5.220053913832199,0.47228,1.5778912,14,0.49537608391017957
-77.048342,34.656976,5.281622390022675,1.3415,0.7068833,-4,0.5093217978559356
-77.023152,38.385183,5.229320766439909,0.49503,0.7387253,3,0.49291631181933726
-77.010794,38.291592,5.220053913832199,0.5602,1.1953113,-1,0.4959283825399721
-76.993691,35.497079,5.806285501133786,0.30239,0.339969,4,0.5163436735835509
-76.993312,35.072828,5.405914292517006,0.0,0.443424,2,0.5177664737559416
-76.988765,34.674197,5.281622390022675,0.63,0.1871095,5,0.5106244634246283
-76.985012,35.025771,5.405914292517006,0.0,0.8243106,12,0.5167855424043597
-76.980233,34.702335,5.281622390022675,0.6322,0.2019034,1,0.5098852263579616
-76.962375,38.230093,5.227990421768707,0.59468,0.4212394,-1,0.4953654439356432
-76.950973,35.440439,5.44984320861678,0.28791,1.2199194,15,0.518332636246784
-76.945131,38.331351,5.237257274376417,0.58824,0.1765596,3,0.4946340815114007
-76.937975,34.678169,5.2506379569161,1.3231,0.2846923,3,0.5091774894393699
-76.890381,35.015601,5.397977784580499,0.0,0.5896436,5,0.5272488703135173
-76.880902,34.725828,5.2506379569161,0.60431,0.635062,6,0.5103023429155374
-76.87899,34.686931,5.2506379569161,1.31221,0.6573237,0,0.5121154883322991
-76.876757,35.45902,5.163581290249433,0.2654,0.6041046,3,0.5193997925749891
-76.874791,34.947795,5.348046349206348,0.0,0.9290393,14,0.5178510090710263
-76.860315,35.425117,5.173123997732426,0.25905,0.4038017,-2,0.5169884455329691
-76.859045,38.171028,5.245193782312924,0.5905,2.6221004,2,0.4895652746387116
-76.838177,38.28195,5.798347267573696,0.63548,0.4020164,3,0.49204346836364254
-76.828624,34.692776,5.2506379569161,1.3028,0.434686,4,0.5120686563080568
-76.781134,34.975204,5.08848756462585,0.0,0.2448433,4,0.5145401590683225
-76.770155,35.385153,5.163022986394558,0.2282,0.5785606,0,0.5187613555083226
-76.765699,34.697337,5.2506379569161,1.28908,0.3462586,1,0.5108406790393699
-76.760671,34.720506,5.2506379569161,0.76408,0.6660199,-4,0.502812453945879
-76.752859,34.920372,5.08848756462585,0.0,0.374215,4,0.5150751487572113
-76.745972,38.157065,5.237257274376417,0.59568,0.07896,0,0.5076318958733056
-76.745656,37.815099,5.798347267573696,0.6153,0.5710524,3,0.5140555523286257
-76.743712,35.426823,5.122495848072561,0.2238,0.4313637,5,0.5217402725749892
-76.721384,38.240415,5.237257274376417,0.62621,0.4993747,2,0.49921573829754795
-76.698213,34.694071,5.2506379569161,1.26774,0.5055781,6,0.5170284853989658
-76.68031675,34.70273859,5.2506379569161,1.15918,0.3427787,-14,0.5126247412539153
-76.678611,35.029835,5.1194777392290245,0.0,0.4091111,5,0.5253875242463696
-76.67773,35.348292,5.139975061224489,0.20367,0.8030981,9,0.5295313572887939
-76.66758979,34.69774992,5.2506379569161,1.21881,0.0692525,-13,0.5156284207458313
-76.666169,34.974022,5.1194777392290245,0.0,0.443424,4,0.5275681050654172
-76.662947,37.75185,5.798347267573696,0.58746,1.5132564,8,0.5211539018891836
-76.659431,37.093939,5.814692142857142,0.7868,1.0478648,12,0.5216627347583043
-76.646472,34.678973,5.2506379569161,1.2749,0.4964855,-2,0.5209348321362627
-76.643005,35.402341,5.13043235600907,0.20107,1.0198113,8,0.5341851455448784
-76.639712,38.121977,5.811909530612244,0.57661,0.5748188,2,0.5242194840432962
-76.634613,34.706618,5.2506379569161,0.91133,0.1883867,2,0.5153651490217719
-76.623022,37.139869,5.814692142857142,0.7847,0.3591752,2,0.5227261142230174
-76.605739,38.218515,5.811909530612244,0.59802,0.8892244,7,0.5156616803226612
-76.604108,37.773986,5.811909530612244,0.582,0.4114488,2,0.5234123758285777
-76.601288,37.033136,5.850695514739229,0.82223,0.8604525,16,0.5212561562304866
-76.585569,36.015448,5.817952015873015,0.0,0.7279368,3,0.5292808843850901
-76.580802,37.660796,5.811909530612244,0.51871,0.3824542,6,0.5248743519164033
-76.579498,35.3307,5.139975061224489,0.1774,0.3042359,1,0.5331129727206362
-76.577076,35.097841,5.111541231292517,0.0,0.1469066,-2,0.5343307154806363
-76.563015,34.998669,5.388260444444445,0.0,0.2077568,0,0.5277182028401167
-76.554769,34.619488,5.2506379569161,1.28744,0.527397,-3,0.507414333319883
-76.55333,37.086821,5.825782902494331,0.87983,0.5041533,6,0.5248284832263945
-76.550865,35.940607,5.817952015873015,0.0,0.5892369,9,0.5402257187554604
-76.55004,38.04042,5.811909530612244,0.50881,0.4026124,4,0.5259238650938923
-76.541979,37.707957,5.803769523809523,0.54597,0.547473,2,0.5240150912485824
-76.540994,34.649582,5.37276535600907,0.77858,0.0309707,-1,0.5194239293307101
-76.532442,38.685076,5.790410759637187,0.4125,0.8937955,3,0.4914515924113259
-76.529325,35.208062,5.139975061224489,0.0,0.1313973,0,0.5336177356539696
-76.521006,36.973187,5.886212247165532,0.86358,0.2156849,3,0.5215763556436521
-76.520913,35.395967,5.13043235600907,0.17146,0.4509308,3,0.5339386388782119
-76.518163,34.71909,5.088109637188209,0.48454,0.2418874,2,0.5237746453715453
-76.517111,38.575043,5.798347267573696,0.4092,1.6743762,18,0.492027703908088
-76.515946,34.62859,5.2506379569161,1.16197,0.2637041,-2,0.504520984228974
-76.515286,38.799004,5.790410759637187,0.419,0.3349954,1,0.4969779762944875
-76.505572,38.139825,5.807377027210883,0.54574,0.4026124,4,0.5239956716907178
-76.501557,37.61214,5.836287839002267,0.48805,0.6620483,4,0.5246961217184235
-76.493822,38.899961,5.790410759637187,0.43375,0.7550952,-2,0.49845231910235177
-76.485492,35.306559,5.139975061224489,0.13153,0.1094978,0,0.5337377356539696
-76.483863,37.03803,5.837820913832199,0.89097,0.9792839,10,0.5240514541354855
-76.478863,38.470346,5.81068741723356,0.41595,1.7650425,2,0.49560750886734106
-76.4783,37.2267,5.814692142857142,0.78327,0.6170628,-13,0.5155801866587219
-76.47491,35.064352,5.427181385487527,0.0,0.0218996,1,0.5284610966825409
-76.472325,36.021501,5.817952015873015,0.0,0.779774,8,0.52876388438509
-76.466421,36.883169,5.8577251723356,0.91269,0.527397,8,0.5242735098930612
-76.463477,34.720431,5.088109637188209,0.45314,0.0,0,0.524664512038212
-76.46222356,37.99222177,5.803769523809523,0.47374,0.1883867,-2,0.5198316093057442
-76.459591,34.791817,5.4041334603174604,0.40692,0.4026124,4,0.5262390801480531
-76.457442,39.153289,5.239858907029478,0.48071,0.305023,-1,0.5045666331413129
-76.455411,34.709843,5.088109637188209,1.12172,0.048969,1,0.5197862499906606
-76.451886,35.969665,5.817952015873015,0.0,0.3255573,6,0.5288680375164032
-76.450481,38.977612,5.596033614512471,0.4295,0.3824542,-2,0.5027657740175033
-76.445277,37.98635,5.807377027210883,0.47071,0.3644768,3,0.5260617317605591
-76.436852,37.649931,5.839895342403628,0.47362,0.8102307,6,0.5240606550517568
-76.427292,36.968406,5.906116505668934,0.89756,1.4941375,14,0.5227187472723591
-76.422607,35.026672,5.427181385487527,0.0,0.0619414,1,0.5277954028401167
-76.415104,37.580544,5.839895342403628,0.4383,1.4312385,9,0.52399458838509
-76.413535,38.40933,5.811909530612244,0.41391,1.7249659,23,0.5101958690966389
-76.410485,39.227899,5.239858907029478,0.49602,0.5205329,2,0.5091558864905191
-76.409988,39.036423,5.81068741723356,0.4432,1.1679302,14,0.5062210082598608
-76.409774,38.106923,5.827281283446712,0.51417,0.2286372,-4,0.5193746093057443
-76.407832,35.374201,5.13043235600907,0.1501,0.0979378,0,0.5337644023206362
-76.398271,38.309126,5.803769523809523,0.43167,0.8175942,-4,0.4986021276622617
-76.389284,34.856315,5.791798020408162,0.29367,0.4964855,4,0.5298287855352585
-76.387708,37.264381,5.808977857142856,0.73455,0.1958751,3,0.5226562784558217
-76.387013,34.786076,5.4041334603174604,1.1041,0.0902942,-1,0.5211229379855477
-76.386951,38.222788,5.803769523809523,0.436,0.7689381,1,0.503582665613373
-76.384456,34.788663,5.4041334603174604,1.10357,0.048969,0,0.5227853379855477
-76.379856,36.924376,5.85346874829932,0.8725,0.3135512,-3,0.5153349063691697
-76.375992,36.083408,5.817952015873015,0.0,0.692492,10,0.5291937881184234
-76.346021,37.169157,5.819289396825396,0.69311,0.0619414,-2,0.52146405294548
-76.342578,37.946829,5.827281283446712,0.44098,0.5831013,4,0.5364936348959126
-76.342086,35.940177,5.822673117913832,0.0,0.4319192,3,0.5301575454221272
-76.341128,37.50509,5.836287839002267,0.39769,0.9539901,13,0.5244660495129696
-76.340543,38.730338,5.815517034013605,0.47545,0.1710407,1,0.48865898718063827
-76.339822,38.974774,5.81068741723356,0.46351,0.3824542,4,0.5028904707667097
-76.33679464,36.96630266,5.901860079365079,0.84371,0.048969,-17,0.5119090357323507
-76.333549,38.482086,5.845279480725624,0.47338,0.0875983,0,0.4953973643108236
-76.332447,34.970872,5.437282394557823,0.0,0.2448433,1,0.5286480399067833
-76.329928,38.151259,5.807377027210883,0.43815,0.3716431,1,0.5191601061647918
-76.323121,38.053427,5.827281283446712,0.45706,0.4509308,3,0.525282168229246
-76.322923,34.932236,5.427181385487527,0.134,0.4619623,0,0.5273404499500733
-76.311357,37.634866,5.839895342403628,0.41563,0.4183836,7,0.5259476254517569
-76.310541,34.857611,5.427181385487527,1.09252,0.2254689,-1,0.5242787993126795
-76.308221,34.859501,5.427181385487527,1.09269,0.220087,1,0.5254763993126795
-76.307198,37.731267,5.839895342403628,0.41113,0.3065913,1,0.52414221181674
-76.301847,39.039651,5.81068741723356,0.50174,0.4252052,7,0.5032176337000429
-76.301778,37.114112,5.8577251723356,0.72339,0.048969,0,0.52209260672869
-76.296275,37.023167,5.901860079365079,0.83406,0.2368789,3,0.5195199028042495
-76.295018,35.350731,5.884289759637189,0.0,0.2418874,-1,0.5287743683282736
-76.292429,36.968896,5.901860079365079,0.8246,0.1332098,-1,0.5179115057375829
-76.291307,37.324129,5.812585360544218,0.70025,0.3716431,1,0.5214109302230175
-76.285007,38.417007,5.803769523809523,0.46398,0.1765596,1,0.49801153764415695
-76.280191,39.32294,5.239858907029478,0.49693,0.6084547,4,0.5069586616420343
-76.27804,38.539846,5.845279480725624,0.49322,0.1094978,-1,0.488359775609757
-76.277411,38.831419,5.815517034013605,0.51025,0.547473,4,0.5053026669412406
-76.27136,38.709128,5.815517034013605,0.54256,0.3531157,4,0.48869602724624656
-76.270607,36.104167,5.825888523809524,0.0,0.6041046,-2,0.5248748538117568
-76.269212,38.936816,5.81068741723356,0.53882,0.2627932,1,0.502500322383641
-76.267338,37.81667,5.839895342403628,0.41657,0.2448433,8,0.5258736132124109
-76.262113,37.456619,5.8414961723356,0.38236,0.0309707,2,0.5269326642380965
-76.258594,35.002543,5.437282394557823,0.0,0.1667818,-2,0.52487961973345
-76.246577,39.115999,5.81068741723356,0.52076,0.3158371,-2,0.4946415402672387
-76.241778,37.892012,5.85979960090703,0.40398,0.549222,7,0.5275968348959126
-76.236504,35.979017,5.848329684807256,0.0,0.2855333,7,0.5294047960349217
-76.234545,39.230369,5.817272786848072,0.52856,1.0110774,4,0.5022275798028808
-76.233266,38.341583,5.827281283446712,0.50688,0.1332098,2,0.5002350725012998
-76.232225,38.611713,5.837139471655329,0.5597,0.0979378,2,0.4875394199843601
-76.230963,34.917631,5.427181385487527,1.0875,0.1667818,1,0.5258830659793462
-76.228962,34.924737,5.427181385487527,0.0,0.1094978,2,0.5276782132401168
-76.208175,39.362324,5.239858907029478,0.5314,0.3042359,3,0.5045371289444874
-76.201838,36.934229,5.914200231292517,0.8312,0.7664398,-5,0.5124024958748745
-76.198411,38.896255,5.827857183673469,0.5451,0.092912,1,0.49807035303498187
-76.193604,36.113241,5.825888523809524,0.0,0.0902942,-2,0.5214834733980965
-76.187542,35.341755,5.820553240362811,0.0,0.3255573,4,0.526904934108996
-76.178839,38.270759,5.827281283446712,0.58383,0.0656987,-1,0.4948622231597946
-76.171014,38.669475,5.839621435374149,0.56384,0.2855333,-3,0.4764391426663523
-76.168775,39.291093,5.239858907029478,0.53974,0.578146,5,0.500325905699177
-76.151736,34.981599,5.398218160997732,1.08089,0.07896,-1,0.5211650550522143
-76.150307,34.995992,5.398218160997732,0.0,0.2233317,0,0.5231718058623389
-76.14571329,38.03668157,5.85979960090703,0.49699,0.0218996,-5,0.5155068715279665
-76.132638,35.989402,5.744526623582766,0.0,0.8277931,7,0.5240287436739789
-76.120203,39.423351,5.2063921700680265,0.61111,0.220087,-1,0.48588085390841246
-76.109377,36.913022,5.810397170068027,0.9048,0.692492,-3,0.5115067754600788
-76.090087,36.142041,5.845847721088435,0.0,0.1883867,8,0.5232600077047631
-76.084377,39.370443,5.2063921700680265,0.62827,1.472006,20,0.4831809535489983
-76.083438,35.390985,5.8515376734693865,0.1801,0.2496921,5,0.5249832230275144
-76.0833,37.0333,5.911718267573696,0.91815,0.1313973,-13,0.5080399063716519
-76.075949,35.069848,5.386533725623582,0.19175,0.0,-2,0.5249095728647633
-76.071975,39.475047,5.239858907029478,0.71392,0.1094978,-5,0.47665954616342826
-76.067983,35.041773,5.380328818594103,1.0698,0.0218996,0,0.5214331145393938
-76.05502,38.248834,5.875672616780045,0.74204,0.2019034,1,0.510112709207914
-76.051589,35.753275,5.8553226916099765,0.0,0.4921199,5,0.526388644711016
-76.046519,35.65825,5.771163346938775,0.0,0.3767693,3,0.5245804749089958
-76.046018,35.870275,5.755447802721088,0.0,0.6166741,-1,0.5226238076443495
-76.026892,36.516313,5.755447802721088,0.0,0.1469066,-1,0.5217888757936521
-76.021557,35.966827,5.755447802721088,0.0,0.4837662,2,0.5248727066073124
-76.015043,35.439277,5.763226839002267,0.1939,0.2646118,1,0.5237821192941812
-76.012997,37.279441,5.816875818594104,0.76666,0.1332098,1,0.517487010278044
-76.010361,39.456697,5.239858907029478,0.70398,1.3122848,25,0.4828916893563597
-76.006789,37.195861,5.816875818594104,0.86926,0.6354394,7,0.5181875054486168
-76.004911,36.927411,5.813381841269841,1.05157,1.3226523,3,0.5284840017966842
-75.997585,37.351657,5.909766405895691,0.6793,0.4645502,2,0.5209276195767668
-75.989848,35.104302,5.760599628117913,0.33469,0.3947942,4,0.528096587408996
-75.989848,35.104302,5.760599628117913,0.33469,0.3947942,4,0.528096587408996
-75.989035,35.757124,5.764990507936507,0.0,0.6224787,7,0.5279301201443495
-75.98899873,37.16149408,5.816875818594104,0.90493,0.374215,-8,0.5110726514913919
-75.986628,35.096748,5.760599628117913,0.35489,0.1238826,1,0.527726597508467
-75.986204,35.857898,5.755447802721088,0.0,0.4229436,5,0.5285396505443495
-75.981618,37.427402,5.901829897959184,0.63905,0.3722877,3,0.5249936393132234
-75.980051,36.435464,5.755447802721088,0.0,0.0979378,1,0.5277968594047633
-75.972578,36.843781,5.813381841269841,1.12218,0.60132,7,0.5302452601670805
-75.971879,39.571865,5.239858907029478,0.76276,0.9230857,5,0.4855009267032046
-75.96193,35.496713,5.757054,0.20256,0.247764,0,0.535550742962788
-75.960413,37.107284,5.818639485260771,1.17165,0.0,-1,0.5378046028660403
-75.955718,38.145264,5.888012766439909,0.73298,0.0309707,0,0.5247988481927102
-75.947294,35.959835,5.755447802721088,0.0,0.339969,3,0.5361140747596134
-75.947272,36.755488,5.764990507936507,1.14585,0.3880557,-1,0.5326527831011085
-75.946612,37.5263,5.8027664693877545,0.60218,0.6872792,2,0.5303686704964682
-75.917759,36.353593,5.755447802721088,0.0,0.1179327,2,0.5393393965924177
-75.911271,36.670001,5.764990507936507,1.17615,0.2189948,2,0.5357709474262206
-75.910342,35.137109,5.781096950113379,0.14467,0.2978639,3,0.5387298647151689
-75.899156,35.134144,5.781096950113379,1.06872,0.2646118,4,0.5327265408139291
-75.89906,37.612089,5.802223802721088,0.60709,0.3722877,-1,0.5289946651427806
-75.892925,36.460077,5.755447802721088,0.0,0.0,-1,0.5392935299257511
-75.888513,38.241423,5.885530804988661,0.82504,0.0437992,0,0.4959831753988998
-75.880921,37.951614,5.878815297052154,0.6572,0.0309707,-3,0.5262137810140596
-75.875841,36.588588,5.755447802721088,1.18424,0.509358,4,0.5388304980419011
-75.873809,38.079874,5.8462969818594095,0.71448,0.048969,-1,0.5261908348497173
-75.871532,37.142151,5.810702977324262,1.30738,0.048969,1,0.5391604704433155
-75.870499,36.251338,5.755447802721088,0.0,0.3233401,1,0.5369431414262801
-75.862985,36.158223,5.764990507936507,0.0,0.4302505,0,0.5392760416283003
-75.857476,36.50302,5.755447802721088,1.16141,0.5041533,-3,0.530040563586914
-75.850971,36.106311,5.755447802721088,0.0,0.3941863,4,0.5402997488929467
-75.841478,38.14476,5.874558873015873,0.75327,0.0309707,-2,0.5508495395886648
-75.837708,37.706436,5.791794539682539,0.63506,0.2167938,0,0.5273423440366375
-75.837155,35.570904,5.764990507936507,0.21,0.2233317,2,0.5378070466961213
-75.834788,36.371517,5.764990507936507,0.0,0.3767693,0,0.5388780747596135
-75.833068,36.415006,5.764990507936507,1.1513,0.2189948,0,0.5350857751116906
-75.832857,36.188976,5.764990507936507,0.0,0.1579198,-5,0.5320742268190845
-75.819882,37.212463,5.803987471655329,1.26304,0.0979378,0,0.5368390670176745
-75.817721,35.172011,5.781096950113379,0.14548,0.1883867,2,0.5382513213627881
-75.807798,35.171721,5.781096950113379,1.05556,0.3722877,2,0.5350306741472625
-75.807793,36.324626,5.755447802721088,1.14173,0.3564948,-1,0.5361700227307383
-75.80755,35.957056,5.764990507936507,0.0,0.2846923,-1,0.5360168599447986
-75.807301,36.286043,5.755447802721088,0.0,0.1765596,2,0.5380055536590843
-75.79978,36.07264,5.764990507936507,0.0,0.3591752,7,0.5382728155596134
-75.79929,38.065461,5.874558873015873,0.73113,0.0692525,-2,0.5511277529219981
-75.775375,36.23674,5.764990507936507,1.13135,0.048969,-1,0.5358218947771515
-75.7733,37.80503,5.797967378684807,0.73606,0.2019034,-2,0.519854105620241
-75.772532,35.696541,5.764990507936507,0.19711,0.3611724,5,0.5394440232633171
-75.771765,37.30329,5.803987471655329,1.34815,0.1332098,1,0.5396624088815585
-75.765668,37.971649,5.791794539682539,0.77582,0.159431,1,0.5238790727917831
-75.764234,35.892417,5.764990507936507,0.12556,0.3748552,2,0.5362804680148323
-75.757083,35.605623,5.764990507936507,0.21661,0.2846923,2,0.5361120161333508
-75.747024,36.106501,5.764990507936507,0.0,0.6365703,10,0.5369169671798154
-75.742367,35.774875,5.764990507936507,0.18828,0.3427787,2,0.5357390976148323
-75.73750807,36.18625132,5.764990507936507,1.1241,0.0902942,-5,0.5249287388993206
-75.736149,36.149674,5.764990507936507,1.1203,0.549222,2,0.5318335843045273
-75.724819,35.201934,5.781096950113379,0.39032,0.2156849,3,0.5329714217047171
-75.720589,37.370057,5.799731047619048,1.3119,0.2637041,-10,0.5224643835886683
-75.715451,35.20024,5.781096950113379,1.0546,0.3531157,3,0.5323755673940157
-75.71077937,35.21306109,5.781096950113379,0.23001,0.2855333,-1,0.534223254228589
-75.710578,36.025645,5.764990507936507,0.0,0.07896,-1,0.5354981554772662
-75.703863,37.900913,5.874558873015873,0.75263,0.0875983,0,0.5516019069278993
-75.688968,36.065883,5.764990507936507,1.108,0.4572671,1,0.5236431972442099
-75.688181,37.470385,5.791794539682539,1.27562,1.107903,3,0.5313711480837731
-75.662902,35.921589,5.764990507936507,0.0,0.4363377,2,0.534869880356535
-75.656767,37.956389,5.791794539682539,0.84962,0.60132,1,0.5130747298607684
-75.64245,35.991944,5.764990507936507,1.09527,0.4428829,4,0.5305093565242283
-75.629772,35.237115,5.781096950113379,0.17462,0.3729312,5,0.5372977922587754
-75.629554,37.533195,5.791794539682539,1.24267,0.048969,2,0.5338507452443233
-75.613987,35.230243,5.781096950113379,1.0554,0.7149768,4,0.5250440120060202
-75.604345,39.630889,5.484649854875284,1.80132,0.6354394,3,0.4564043574401798
-75.603325,37.62902,5.885649634920634,1.23406,0.1332098,-1,0.5347856962917311
-75.60056414,37.55526837,5.885649634920634,1.23442,0.2627932,-3,0.5250938056759165
-75.598032,35.913297,5.764990507936507,1.08232,0.2770081,0,0.5300639920521224
-75.595671,35.856816,5.764990507936507,0.1792,0.048969,1,0.5386353944852306
-75.591575,39.837617,5.239858907029478,1.903,2.1440406,73,0.4560946834884129
-75.58085,39.504175,5.637244126984127,1.87452,0.3729312,4,0.45266814921872517
-75.573077,39.445373,5.787195353741497,1.88676,0.0437992,-1,0.45374358067818626
-75.571906,37.715618,5.885649634920634,1.21478,0.1094978,-2,0.5202874187098241
-75.563062,35.799265,5.764990507936507,0.2962,0.1883867,-1,0.5317815328031793
-75.557141,35.833554,5.764990507936507,1.06825,0.3917456,-3,0.5160682930903384
-75.55211236,35.79420108,5.764990507936507,0.35177,0.1094978,0,0.5249049505904186
-75.55120732,35.77915071,5.764990507936507,0.48928,0.1179327,0,0.5228565505904187
-75.538488,35.27262,5.781096950113379,0.1935,0.4509308,4,0.5241754620422364
-75.52456,35.244973,5.789868879818593,1.0398,0.6649391,3,0.5076249219938103
-75.52456,35.244973,5.789868879818593,1.0398,0.6649391,3,0.5076249219938103
-75.523543,39.391504,5.838010934240362,1.90261,0.1385049,0,0.45581121608954334
-75.520123,35.750862,5.784377517006803,0.43315,0.0979378,2,0.5242957505904187
-75.516997,35.335909,5.800483959183673,0.18792,0.2496921,2,0.5234037099587349
-75.515906,37.802826,5.91137293877551,1.15802,0.1179327,-1,0.5171417493073863
-75.513701,35.356371,5.800483959183673,0.18934,0.2019034,1,0.5210719211333379
-75.510611,35.714152,5.7786632312925175,0.22918,0.0979378,1,0.522233801133338
-75.508312,35.204338,5.800483959183673,1.04489,0.048969,-4,0.5050389665822541
-75.502095,39.732993,5.440552702947845,1.81763,0.6056901,-13,0.45105197836201344
-75.492439,35.419217,5.800483959183673,0.21586,0.2804493,3,0.5227624479777824
-75.491605,35.433556,5.800483959183673,0.22042,0.2019034,2,0.5223202220857189
-75.488031,35.511264,5.784377517006803,0.2485,0.247764,2,0.522070563292068
-75.486053,35.504061,5.784377517006803,0.24581,0.2254689,3,0.5218926955968299
-75.485087,35.646768,5.7786632312925175,0.26185,0.4940649,0,0.5209459659279506
-75.477223,35.669215,5.7786632312925175,1.04247,0.2855333,3,0.5127718555051137
-75.472789,39.332695,5.830391886621315,1.90165,0.092912,2,0.45079993442958105
-75.471309,35.592897,5.7786632312925175,0.2992,0.3335608,3,0.5224228627925972
-75.432553,39.802533,5.239858907029478,1.85674,0.9230857,-9,0.493793711083836
-75.425334,37.870086,5.908890975056689,1.13126,0.1179327,-3,0.5456372000028581
-75.410228,39.14156,5.872602997732426,1.80809,0.0979378,1,0.5346340561969063
-75.405716,39.223834,5.8551807029478455,1.84862,0.0437992,1,0.5342053668305566
-75.379873,39.04879,5.880539505668934,1.75417,0.1313973,0,0.5151867598176827
-75.3681,39.3008,5.830391886621315,1.9152,0.37804,-7,0.5223873606282589
-75.324927,37.915076,5.825942777777778,1.0737,0.5332744,2,0.5771645708501688
-75.320491,38.991204,5.795808002267574,1.68686,0.0979378,-1,0.5414218638335613
-75.288868,38.899866,5.793826553287982,1.60172,0.0619414,0,0.5458269758906601
-75.266601,37.997201,5.821208721088436,1.04415,0.2846923,-1,0.5765829830570464
-75.228457,38.841462,5.7848360702947845,1.52365,0.0875983,3,0.5595357528718339
-75.20557,38.077958,5.908890975056689,1.04944,0.5417497,2,0.5541399214863219
-75.161663,38.176592,5.821208721088436,1.0739,0.4252052,2,0.5719863839451006
-75.122088,38.268205,5.897800215419501,0.47141,0.0692525,0,0.5590938751197532
-75.1220693,38.78889314,5.863909528344671,1.43338,0.1238826,-2,0.5589378890515362
-75.1133,38.9867,5.863909528344671,1.67829,0.1710407,-7,0.5498358246279935
-75.09216278,38.32909708,5.897800215419501,0.7565,0.1385049,-5,0.5435243449441512
-75.091804,38.803349,5.863909528344671,1.41407,0.7742202,2,0.5471895767965644
-75.075719,38.71852,5.863909528344671,1.29776,1.0684772,9,0.5331193494587082
-75.071562,38.358093,5.863909528344671,1.17405,0.1858235,2,0.5618457250720152
-75.065173,38.63208,5.851569378684807,1.24376,0.3767693,1,0.5317056972000725
-75.054743,38.545309,5.863909528344671,1.21208,0.2358644,3,0.5302063134889029
-75.049098,38.45815,5.851569378684807,1.18803,0.547473,-3,0.5453272232737687
-74.971995,38.94037,5.851569378684807,1.63199,0.8075634,-8,0.5344101052446386
-74.971995,38.94037,5.851569378684807,1.63199,0.8075634,-8,0.5344101052446386
-74.96932247,38.9666548,5.851569378684807,1.68825,0.5884225,-6,0.5634746711705645
-74.861032,38.946105,5.844766657596372,1.49673,0.1179327,-2,0.5584952345050446
-74.776032,39.037024,5.857106807256236,1.42842,0.1667818,-5,0.5634614290249064
-74.714341,39.119804,5.854624843537414,1.36956,0.1532967,-4,0.561775537085168
-74.663266,39.18909,5.870731287981859,1.35292,0.1548531,2,0.5715104012866976
-74.594976,39.26016,5.881353258503401,1.332,0.4837662,1,0.5291023302148762
-74.511076,39.318628,5.93601647845805,1.36906,0.6470302,-2,0.5314703448620831
-74.41326194,39.35148596,5.802256725623582,1.40162,0.2646118,-5,0.5675809515789796
-74.405572,39.372806,5.802256725623582,1.35477,0.3510727,-2,0.5716101660027313
-74.323422,39.50138,5.422432975056689,1.04646,0.5112374,-2,0.567739133955034
-74.260454,39.536057,5.39900138095238,1.2151,0.2065994,3,0.5536299326709365
-74.259257,40.463985,5.1131721156462575,1.72134,0.6395763,6,0.8412646740649936
-74.192132,39.623477,5.442047870748298,1.22513,0.4514622,5,0.6411964533325613
-74.152944,40.5318,5.237512594104309,1.64828,0.7560471,6,0.939959445435105
-74.131104,39.708088,5.393964201814059,1.17522,0.3670989,-1,0.6802491873515005
-74.118104,40.448033,5.700191825396826,1.62062,0.4921199,4,0.9499045256979436
-74.091909,39.794299,5.512212555555556,1.26913,0.2946262,1,0.6856945127301506
-74.079654,39.883693,5.520149063492063,1.32199,0.3941863,3,0.6929890667529005
-74.067598,40.623865,5.226337349206349,1.54663,1.1363108,-8,0.9980946443937962
-74.064553,39.972173,5.543580657596372,1.35176,0.6263185,-5,0.7236264962257511
-74.045077,40.057648,5.521988215419501,1.38886,0.5296652,-2,0.6939624024796086
-74.02755652,40.48205341,5.943636891156462,1.58359,0.2855333,-5,0.8757091003107785
-74.02727427,40.47217722,5.943636891156462,1.58256,0.0437992,-13,0.8616375818407898
-74.026046,40.709576,5.268519666666666,1.55471,0.8309726,-15,1.027981405158957
-74.023308,40.143004,5.537861231292516,1.42868,0.5332744,-3,0.6894701417336878
-74.02258373,40.69679952,5.268519666666666,1.56342,0.6674583,-16,1.0224298535249703
-74.018272,40.659019,5.268519666666666,1.59299,0.635062,-11,1.0271344169154466
-73.996353,40.228016,5.547399263038549,1.46515,0.9316159,10,0.7293429212689094
-73.97855,40.414781,5.5614972154195,1.508,0.4837662,-2,0.9068571647948686
-73.975041,40.32108,5.5614972154195,1.4944,0.6197767,6,0.9118906946405059
-73.959938,40.573958,5.268519666666666,1.63049,0.8676659,-3,1.02523230556205
-73.829663,40.578477,5.931610029478458,1.54305,0.7249666,-8,1.2171299101401847
-73.7893,40.843762,5.037129487528345,2.40195,0.7490384,-4,1.3052553847836292
-73.77474685,40.81310661,5.041225750566894,2.38541,0.4252052,-13,1.3053833148493355
-73.697982,40.583563,5.8398810975056685,1.46857,0.2496921,1,1.2458491244984014
-73.697974,40.939598,5.05115146031746,2.42148,0.5785606,-2,1.2578634887768458
-73.681949,40.859191,5.025352734693877,2.41377,2.1674669,5,1.1211194848683967
-73.610274,40.988462,5.102993562358277,2.37834,0.2627932,-7,0.7328304820729203
-73.588234,40.585553,5.927353603174603,1.45052,0.2646118,-2,0.689207391415705
-73.548063,40.886378,5.182358641723355,2.4186,3.0901184,20,0.7077754926655828
-73.505865,41.034265,5.153787213151927,2.35751,0.3349954,6,0.6778795697135291
-73.474494,40.895687,5.182358641723355,2.39154,3.5366044,19,0.7103939849511016
-73.472948,40.59951,5.897978505668934,1.41264,0.5386427,-1,0.7058911138124729
-73.407357,41.076654,5.185533244897959,2.32441,0.4313637,0,0.6823082392523608
-73.360987,40.627613,5.885839303854875,1.2607,0.3158371,2,0.6649615258926984
-73.353966,40.915402,5.182358641723355,2.37429,0.9699379,-2,0.6829822622381202
-73.304238,41.117625,5.015691975056689,2.27107,0.8935273,11,0.8005488156710827
-73.256396,40.912684,5.433580004535147,2.25627,0.4252052,-4,0.6787107768679194
-73.251425,40.623439,5.899084108843537,1.31177,0.2077568,-6,0.6464804081739527
-73.186186,41.159287,5.168425167800453,2.23158,0.5328246,3,0.6600184517440899
-73.18000045,41.15249159,5.168425167800453,2.23075,0.2167938,-4,0.6396115019680035
-73.144806,40.954081,5.033289242630385,2.24878,2.1987114,-9,0.7705447278227178
-73.137326,40.647184,5.662862095238095,1.26854,0.3349954,-5,0.6828480199641375
-73.10109,41.154141,5.198473970521542,2.14681,0.5041533,-6,0.652866537096838
-73.026495,40.965125,5.521253947845805,2.12312,0.3611724,0,0.6647011197266776
-73.02482,40.675808,5.701618714285714,1.18308,0.3996235,6,0.6459909313877261
-73.008387,41.210144,5.148543088435374,2.06329,0.9115879,17,0.6632495691341498
-72.919524,40.714491,5.685745698412698,1.095,0.51311,0,0.6720746065473772
-72.91089839,41.27184328,5.119090879818594,2.04403,0.587607,-34,0.696909670107708
-72.90851,40.962569,5.212561462585034,2.00989,2.0633686,4,0.664229038591073
-72.835846,41.248341,5.134056040816326,1.95156,0.6084547,-5,0.6741033410071787
-72.813572,40.747903,5.595773557823129,1.05345,0.5693705,2,0.6740083816988925
-72.794987,40.966407,5.546689308390022,1.92585,1.9089574,32,0.6986132356031195
-72.710595,41.24448,5.160650303854875,1.81799,0.8827307,-7,0.6991497984246597
-72.706079,40.777316,5.5878370498866206,1.05887,0.5036775,4,0.6801988459846068
-72.683761,40.980032,5.549741811791384,1.831,3.0590408,-5,0.7075229647134983
-72.598418,41.268797,5.172006977324263,1.65278,0.5896436,4,0.8315301954219936
-72.597833,40.80653,5.595773557823129,1.09601,0.8309726,5,0.683214967952155
-72.525116,41.035407,5.698742376417233,1.63105,2.0447216,-5,0.8597597906979426
-72.506974,41.256896,5.194101263038548,1.48494,0.8033966,1,0.9382564005517061
-72.4931,40.836186,5.5878370498866206,1.0292,0.3255573,3,0.7289004250533899
-72.436501,41.086705,5.0826624693877545,1.44162,1.6993666,13,0.9227921012999267
-72.387759,40.869621,5.5878370498866206,0.99465,0.8520535,4,0.7419518012095729
-72.386141,41.261966,5.149929056689342,1.26357,1.1607258,-7,0.8937139194952031
-72.320031,41.136029,5.567449247165532,0.90519,0.6444312,-2,0.45261516047978373
-72.285021,40.908038,5.5878370498866206,0.97043,0.7962028,0,0.44507938603533914
-72.270893,41.284346,5.165802072562358,1.05261,1.087157,5,0.6234168048642328
-72.237567,41.15657,5.294437151927436,0.9316,0.6444312,4,0.6251748484955642
-72.183128,40.946894,5.63331533786848,0.9424,0.7934883,6,0.4139306678073449
-72.163889,41.304209,5.160650303854875,0.94557,0.9679588,-6,0.6217993453144491
-72.106167,41.107964,5.6069968526077085,0.81909,1.8144184,23,0.5197970340587085
-72.08081803,41.3105288,5.168586811791383,0.91201,0.1667818,-9,0.5712951109312319
-72.079208,41.006437,5.6253788299319725,0.80842,0.2637041,0,0.3902048655990637
-72.042899,41.318603,5.184459827664399,0.89525,0.4701935,-1,0.6029287534975997
-71.989378,41.048809,5.616671925170068,0.77088,2.652384,-7,0.5226264465019698
-71.97383059,41.07091921,5.567449247165532,0.76726,0.2646118,-22,0.38767485300647125
-71.959595,41.071237,5.584231088435374,0.76161,1.7678896,-17,0.5233621667179905
-71.931292,41.33306,5.168964741496598,0.90278,0.5596012,-4,0.6005185534975996
-71.901146,41.084772,5.595220099773242,0.73903,0.8324138,-4,0.44447090674241013
-71.818801,41.319372,5.263446977324263,0.90087,0.9547436,7,0.639581741086455
-71.709341,41.333058,5.145533145124716,0.92934,0.980507,4,0.6360723508700049
-71.603779,41.364303,5.144195573696145,0.98698,0.6384507,2,0.6234117245161183
-71.489218,41.362373,5.100490780045351,1.03227,1.1656708,-6,0.6212555626444766
-71.455845,41.432986,5.026494514739229,1.08021,0.9456619,8,0.7055698902992786
-71.423606,41.539413,4.819295387755101,1.23067,1.4246948,4,0.868691268772592
-71.416939,41.604901,4.826180478458049,1.28039,0.3722877,9,0.7950584729370361
-71.40363226,41.57926714,4.826180478458049,1.25378,0.3042359,-9,0.7714000171814809
-71.397753,41.683444,4.826180478458049,1.34432,0.720322,9,0.8201256699748962
-71.369581,41.764675,4.8106853922902495,1.4468,1.5235121,-7,0.9275767146861923
-71.364291,41.660435,4.826180478458049,1.34342,1.8254714,-6,0.838118427242764
-71.361495,41.562722,4.826180478458049,1.23858,1.6255988,-7,0.8264679162418509
-71.3433,41.7167,4.855988802721089,1.39872,0.2327945,-13,0.7618270909814808
-71.335992,41.469647,4.835243988662131,1.162,1.303858,2,0.7428469753629628
-71.3350167,41.50572057,4.835243988662131,1.18105,1.3269932,-20,0.7601764186370368
-71.308082,41.539377,4.835243988662131,1.22602,0.4514622,-5,0.8041868044830681
-71.228481,41.622129,4.838982000000001,1.2132,0.2418874,3,0.7900152052510564
-71.20611,41.542457,4.869821192743764,1.13032,0.4993747,6,0.8017496140539773
-71.19236,41.466777,4.869821192743764,1.07152,1.2564991,5,0.7323220316805387
-71.083709,41.509238,4.906853820861678,1.05305,0.2855333,4,0.7572999328457237
-71.0404,42.304591,4.65466706802721,3.119,0.4401676,-3,1.0145703086288498
-71.00434036,42.3391532,4.65466706802721,3.10121,0.8449904,-11,0.9952584965663143
-70.966745,42.388887,4.638794052154194,3.0112,0.7159821,-4,0.9274509217016699
-70.951345,41.411587,4.913732126984127,1.04904,0.9986737,-10,0.7035190804078403
-70.948489,41.577931,4.913732126984127,1.19389,0.6228638,-3,0.8331427024428664
-70.91166,42.269246,4.853464657596372,3.12445,0.1385049,4,0.7305223947835018
-70.887292,42.464896,4.82171862585034,2.96962,1.1424111,-3,0.8430781348530819
-70.868475,41.620968,4.913732126984127,1.2084,0.443424,-4,0.8092934917145328
-70.857103,41.450253,4.929986938775509,1.012,0.8676659,-15,0.7015884696795069
-70.810999,42.892375,4.257913961451247,2.91129,0.6763787,-3,0.9951054274982655
-70.797745,42.760812,4.526712061224489,2.90574,0.527397,7,0.9819189189818401
-70.789403,42.531931,4.7825352630385485,2.94303,1.248271,-2,0.8937241858550737
-70.788347,41.448527,5.236516959183674,0.79173,4.3268232,-16,0.7288137990000645
-70.776307,42.248953,4.923124832199546,2.95931,0.3255573,1,0.774384425506505
-70.768352,42.687542,4.724781188208617,2.90837,0.5255753,3,0.9620516769094686
-70.764322,42.973751,4.033955628117914,2.89828,0.7458309,-1,0.9894671043653532
-70.762706,41.674613,4.903539882086168,1.29832,0.698696,5,0.8399651328238632
-70.747152,41.499889,5.10770954648526,1.22609,1.471029,0,0.7725965169227264
-70.719777,41.488463,5.10770954648526,0.66982,2.6487756,-25,0.7007081725055682
-70.715725,43.038149,4.255615680272109,2.88814,0.8075634,2,0.9852921017003708
-70.714301,42.168783,4.907694102040816,2.96387,0.305023,3,0.7630542327960286
-70.69542417,43.05328594,4.041892136054422,2.88836,0.3135512,-9,0.9722311494741946
-70.692932,42.584214,4.821567870748299,2.9137,2.7593842,21,0.855770983731643
-70.69251131,41.52133634,5.10770954648526,1.19023,0.3729312,-6,0.6532468983443038
-70.666198,41.718143,5.019436226757369,1.3382,1.3415401,17,0.8768302699337214
-70.6642,42.108646,5.184456505668934,2.98108,0.7560471,5,0.7976611798543762
-70.654376,43.100869,4.041892136054422,2.87473,0.4998547,6,0.9619308245861556
-70.653899,41.56516,4.953089310657596,1.27725,0.6699679,4,0.839323258050276
-70.651235,41.644696,4.945152802721088,1.31571,0.6320345,-8,0.8078451197697999
-70.640688,42.007536,5.199833489795918,3.21342,0.5301178,11,0.9345226031632448
-70.624772,41.540111,5.244453467120181,0.50516,0.5264869,-4,0.7622137106367363
-70.622199,42.679626,4.812525061224489,2.87863,2.4977534,10,0.9172763376238898
-70.608166,41.940701,5.152214442176871,3.07849,2.4328411,-1,0.90665814430628
-70.598666,43.173009,4.168876263038548,2.88698,2.1236255,-9,0.9516534275805714
-70.575787,43.221859,4.168876263038548,2.89725,2.6335659,4,0.9823500575006519
-70.542065,41.831263,5.270181866213151,3.14234,2.0836868,12,0.8314038948683028
-70.513812,41.788954,5.270181866213151,3.14884,0.4572671,3,0.728088437797629
-70.512181,41.550039,5.328004995464852,0.72108,0.4645502,2,0.6408471161842355
-70.468136,43.341064,4.248241342403627,2.92256,1.5067514,-6,0.9369484020194602
-70.423199,43.378197,4.343479437641722,2.91399,0.5296652,-2,0.9675692441400431
-70.408535,41.607345,5.328004995464852,1.03083,0.2418874,0,0.6479421004838831
-70.401132,41.742681,5.280385947845804,3.14718,1.478664,7,0.660271714500848
-70.354902,43.440782,4.343479437641722,2.91487,0.547473,-4,0.9519270636189264
-70.307405,43.529032,4.188492063492063,2.9153,0.8585001,-20,0.9267506947472856
-70.303384,41.62899,5.280385947845804,1.15837,0.5079438,-2,0.7844074128814269
-70.290957,41.734312,5.280385947845804,3.16108,0.2846923,0,0.6287812811890617
-70.226601,43.564618,4.125,2.92298,0.8986102,2,0.9591531266501486
-70.22186591,43.6540229,4.172619047619048,2.99415,0.7883354,-12,0.9219232236361745
-70.221027,43.562801,4.125,2.92319,1.1660819,4,0.9501568998560532
-70.221027,43.562801,4.125,2.92319,1.1660819,4,0.9501568998560532
-70.21980019,41.31850448,5.364654614512471,1.03015,0.2448433,-3,0.453705652957428
-70.213638,42.080713,5.280385947845804,2.85142,0.5205329,-18,0.7894734766654218
-70.212847,41.639762,5.23843583446712,1.29782,0.389905,0,0.7546783269227249
-70.179601,42.021858,5.280385947845804,3.06494,0.8587793,-36,0.914872094230224
-70.141533,41.760072,5.270181866213151,3.19646,0.7840663,4,0.6271210050364422
-70.1168192,41.32272975,5.324972074829931,1.10701,0.2804493,-12,0.47025079883044385
-70.106449,41.658199,5.27811837414966,1.34184,0.3722877,-1,0.7821294557241395
-70.096039,43.672276,4.242989417233559,2.96242,1.7437466,-14,0.9239236022334603
-70.092775,42.055644,5.328004995464852,2.61235,1.2144064,5,0.8480629916874246
-70.070825,41.891617,5.270181866213151,3.26087,0.1765596,-1,0.9076025113786916
-70.016719,41.794903,5.270181866213151,3.28533,0.3537942,2,0.74781504881102
-70.015539,41.983557,5.270181866213151,2.494,2.1893303,42,1.1351619083756121
-70.006264,43.710216,4.437433861678004,2.95895,0.6969782,-15,0.9254888724456981
-69.989078,41.574823,5.27811837414966,1.60928,0.2978639,0,0.7399064023865062
-69.956739,41.865852,5.270181866213151,2.37867,1.2729836,24,0.8630643779683725
-69.956378,41.662105,5.27811837414966,2.0351,0.3564948,-2,0.6030060827112267
-69.935046,43.723469,4.462791972789115,2.94767,1.4231803,-22,0.9252751525705714
-69.931755,41.752609,5.328004995464852,2.23508,0.4206698,-4,0.5553839919967645
-69.90872359,41.66888331,5.286054882086168,2.35514,0.048969,-14,0.6480810397820087
-69.831333,43.712569,4.526284036281179,2.92726,1.2831087,0,1.0224091101074342
-69.727906,43.776917,4.500925925170067,2.94074,1.4510227,-12,0.9856251747927933
-69.597482,43.803559,4.405687829931972,2.96342,1.0122621,-21,0.9873112963335712
-69.493565,43.856435,4.242989417233559,2.97992,3.548928,-13,1.0177386754382336
-69.376606,43.904668,4.282533530612245,3.00628,1.817188,6,0.9810027997811674
-69.244276,43.930399,4.542157052154195,3.03908,0.8764624,8,0.9876162756195009
-69.134351,43.984912,4.41362433786848,3.10137,0.5613125,-3,1.0062520821933765
-69.089078,44.085326,3.982004428571429,3.22334,1.5410231,-2,1.0007331059355598
-69.053881,44.173688,3.956349206349206,3.24385,1.8339785,-1,1.006125029993528
-69.00797,44.269961,3.956349206349206,3.2815,2.6064587,-4,1.024737297162202
-68.950061,44.359092,3.972222222222222,3.33838,5.2416391,55,1.0560780672623074
-68.90783,44.451119,3.995535714285714,3.36297,0.9052547,-1,0.9845476974186863
-68.810617,44.381097,3.972222222222222,3.34018,2.5705199,-16,1.0063152528615669
-68.698632,44.3095,3.966553287981859,3.32929,2.3497021,30,0.8945502160428721
-68.583871,44.258389,3.966553287981859,3.34112,0.9323876,1,0.8649219489124349
-68.533481,44.329958,3.966553287981859,3.37795,1.303858,-30,0.8369050054115852
-68.482367,44.394487,3.966553287981859,3.39801,3.3071458,22,0.8956132441484304
-68.444728,44.483692,4.014172335600907,3.43598,1.7981108,9,0.7881835104744945
-68.294092,44.471733,4.014172335600907,3.4957,0.8873353,12,0.7625666580042388
-68.1893515,44.39570814,4.15093866893424,3.46465,1.6374909,-23,0.7804321758853391
-68.18742,44.487763,4.006235827664399,3.4969,2.7023938,29,0.8557423041448112
-68.125098,44.417795,3.990362811791383,3.47067,3.022192,0,0.8439616052553498
-68.071702,44.342927,3.958616780045352,3.43142,3.6554744,-36,0.8221820267975665
-67.958772,44.398846,3.99829931972789,3.51412,0.5055781,4,0.7642471437009091
-67.823803,44.441244,3.99829931972789,3.62759,1.1235843,-22,0.7874352446806722
-67.704353,44.460599,3.99829931972789,3.66306,0.0692525,3,0.790751554049779
-67.579692,44.514784,3.966553287981859,3.8898,0.4807831,-1,0.7678209069762552
-67.4908,44.575258,3.966553287981859,3.99305,0.5685276,13,0.8837261213210704
-67.39145,44.625351,3.981930272108843,4.13017,1.6719426,16,0.9429624446594153
-67.32165,44.673626,3.981930272108843,4.17928,0.3722877,2,0.9060668685600464
-67.274122,44.626345,3.9660572562358274,4.2745,1.471029,-11,0.7990135894183521
-67.18786768,44.65058986,4.10560833106576,4.48366,2.4781406,-25,0.744359475198428
-67.181785,44.663699,3.973993764172336,4.50427,2.5688448,16,0.7643660999641624
-67.086224,44.740746,3.950184240362812,4.78248,2.407934,-10,0.7536123904322956
-66.982403,44.811466,3.958120748299319,5.18417,1.0223935,5,0.7426466848013007
-66.97520463,44.8936236,4.121481346938776,5.87162,1.0223935,-30,0.6474191274732343
